{
    "libsvtav1": {
        "times": [
            9.825810956954957,
            11.7191153049469,
            13.930572605133056,
            18.612342643737794
        ],
        "sizes": [
            3873704,
            2745683,
            2050316,
            1500679
        ]
    },
    "h264": {
        "times": [
            4.6619761943817135,
            5.153742837905884,
            5.339843797683716,
            5.661674165725708
        ],
        "sizes": [
            1753372,
            1264651,
            1017984,
            884167
        ]
    }
}